"Date ","series ","OPEN ","HIGH ","LOW ","PREV. CLOSE ","ltp ","close ","vwap ","52W H ","52W L ","VOLUME ","VALUE ","No of trades "
"30-Sep-2021","EQ","2,525.00","2,534.60","2,500.35","2,527.85","2,511.00","2,519.25","2,517.46","2,570.00","1,830.00",6272085,"15,789,702,474.85",173121
"29-Sep-2021","EQ","2,570.00","2,570.00","2,520.05","2,548.05","2,530.00","2,527.85","2,536.91","2,570.00","1,830.00",4485721,"11,379,866,281.20",166259
"28-Sep-2021","EQ","2,534.00","2,564.90","2,512.80","2,524.45","2,545.00","2,548.05","2,539.99","2,564.90","1,830.00",8323269,"21,141,019,462.35",229286
"27-Sep-2021","EQ","2,487.00","2,529.90","2,475.30","2,482.70","2,527.00","2,524.45","2,510.93","2,529.90","1,830.00",7095022,"17,815,116,544.95",224209
"24-Sep-2021","EQ","2,503.55","2,505.45","2,472.00","2,489.90","2,479.00","2,482.70","2,488.36","2,505.45","1,830.00",7011181,"17,446,321,055.45",234214
"23-Sep-2021","EQ","2,447.40","2,497.00","2,445.50","2,430.50","2,488.10","2,489.90","2,475.75","2,497.00","1,830.00",7267883,"17,993,432,142.75",255176
"22-Sep-2021","EQ","2,408.00","2,442.00","2,398.25","2,404.70","2,430.80","2,430.50","2,426.47","2,480.00","1,830.00",5074612,"12,313,409,794.10",179090
"21-Sep-2021","EQ","2,405.00","2,416.60","2,384.00","2,394.35","2,400.00","2,404.70","2,401.93","2,480.00","1,830.00",4576111,"10,991,510,851.65",149803
"20-Sep-2021","EQ","2,372.10","2,418.35","2,370.00","2,390.55","2,391.85","2,394.35","2,398.57","2,480.00","1,830.00",5436385,"13,039,553,487.25",171011
"17-Sep-2021","EQ","2,446.00","2,455.85","2,375.60","2,428.20","2,387.00","2,390.55","2,410.13","2,480.00","1,830.00",16098099,"38,798,580,126.85",278098
"16-Sep-2021","EQ","2,381.55","2,436.75","2,367.00","2,378.30","2,424.00","2,428.20","2,408.55","2,480.00","1,830.00",6206657,"14,949,050,569.95",214010
"15-Sep-2021","EQ","2,368.50","2,395.75","2,368.50","2,368.45","2,379.40","2,378.30","2,380.39","2,480.00","1,830.00",4186300,"9,965,045,382.75",168130
"14-Sep-2021","EQ","2,375.00","2,394.00","2,366.00","2,371.55","2,370.50","2,368.45","2,377.55","2,480.00","1,830.00",4111205,"9,774,584,167.80",153291
"13-Sep-2021","EQ","2,433.00","2,433.00","2,368.05","2,425.60","2,369.80","2,371.55","2,381.94","2,480.00","1,830.00",7527598,"17,930,286,910.15",327407
"09-Sep-2021","EQ","2,427.90","2,437.85","2,416.10","2,431.35","2,424.10","2,425.60","2,424.34","2,480.00","1,830.00",4136538,"10,028,369,652.20",194645
"08-Sep-2021","EQ","2,452.00","2,454.00","2,406.65","2,440.90","2,430.00","2,431.35","2,429.20","2,480.00","1,830.00",6600210,"16,033,248,252.30",213942
"07-Sep-2021","EQ","2,430.00","2,458.00","2,412.00","2,425.60","2,439.00","2,440.90","2,437.65","2,480.00","1,830.00",8006968,"19,518,192,088.85",256461
"06-Sep-2021","EQ","2,413.00","2,480.00","2,412.00","2,388.50","2,429.00","2,425.60","2,445.46","2,480.00","1,830.00",15525644,"37,967,265,940.30",496545
"03-Sep-2021","EQ","2,310.00","2,395.00","2,302.50","2,294.40","2,389.65","2,388.50","2,356.29","2,395.00","1,830.00",14151629,"33,345,403,715.90",446968
"02-Sep-2021","EQ","2,255.00","2,307.80","2,255.00","2,267.10","2,293.00","2,294.40","2,288.72","2,369.35","1,830.00",4595048,"10,516,781,284.45",206002
"01-Sep-2021","EQ","2,273.00","2,292.90","2,263.00","2,258.15","2,266.00","2,267.10","2,274.28","2,369.35","1,830.00",5143640,"11,698,056,162.60",173178
"31-Aug-2021","EQ","2,276.90","2,283.75","2,242.25","2,270.25","2,257.00","2,258.15","2,257.63","2,369.35","1,830.00",12223037,"27,595,093,541.45",206759
"30-Aug-2021","EQ","2,250.00","2,275.85","2,236.80","2,227.40","2,273.75","2,270.25","2,261.25","2,369.35","1,830.00",6473487,"14,638,152,005.70",206768
"27-Aug-2021","EQ","2,237.00","2,242.75","2,216.05","2,230.45","2,225.00","2,227.40","2,228.28","2,369.35","1,830.00",4836812,"10,777,769,127.85",152317
"26-Aug-2021","EQ","2,208.00","2,244.90","2,205.00","2,202.60","2,232.00","2,230.45","2,230.28","2,369.35","1,830.00",8579105,"19,133,818,233.65",248660
"25-Aug-2021","EQ","2,185.40","2,220.00","2,180.10","2,183.70","2,201.00","2,202.60","2,204.22","2,369.35","1,830.00",6175126,"13,611,364,533.60",198304
"24-Aug-2021","EQ","2,165.05","2,192.00","2,155.60","2,162.35","2,178.00","2,183.70","2,174.28","2,369.35","1,830.00",5475452,"11,905,165,196.90",173479
"23-Aug-2021","EQ","2,174.00","2,174.00","2,132.30","2,148.25","2,161.15","2,162.35","2,156.97","2,369.35","1,830.00",4547802,"9,809,454,490.65",143268
"20-Aug-2021","EQ","2,143.00","2,172.00","2,137.00","2,172.65","2,140.10","2,148.25","2,155.63","2,369.35","1,830.00",4350228,"9,377,502,601.90",147112
"18-Aug-2021","EQ","2,174.00","2,186.80","2,152.60","2,164.25","2,168.00","2,172.65","2,170.19","2,369.35","1,830.00",4650008,"10,091,414,052.70",146613
"17-Aug-2021","EQ","2,168.85","2,185.20","2,147.85","2,173.50","2,163.00","2,164.25","2,167.16","2,369.35","1,830.00",5841743,"12,659,986,994.25",190350
"16-Aug-2021","EQ","2,149.35","2,203.00","2,128.15","2,145.65","2,169.00","2,173.50","2,177.41","2,369.35","1,830.00",10123204,"22,042,343,431.70",290119
"13-Aug-2021","EQ","2,117.30","2,149.90","2,108.95","2,110.50","2,143.00","2,145.65","2,132.45","2,369.35","1,830.00",5898384,"12,578,027,784.10",187810
"12-Aug-2021","EQ","2,124.90","2,126.20","2,105.00","2,117.30","2,109.80","2,110.50","2,115.11","2,369.35","1,830.00",3755507,"7,943,326,100.05",114345
"11-Aug-2021","EQ","2,096.95","2,120.00","2,083.40","2,088.05","2,115.00","2,117.30","2,103.58","2,369.35","1,830.00",4238859,"8,916,794,682.95",138291
"10-Aug-2021","EQ","2,082.00","2,113.00","2,073.75","2,077.15","2,085.00","2,088.05","2,095.18","2,369.35","1,830.00",5500708,"11,524,960,575.40",171235
"09-Aug-2021","EQ","2,081.00","2,089.80","2,066.50","2,089.05","2,078.50","2,077.15","2,075.98","2,369.35","1,830.00",3458546,"7,179,873,286.45",147892
"06-Aug-2021","EQ","2,129.95","2,146.95","2,078.75","2,134.25","2,090.00","2,089.05","2,101.07","2,369.35","1,830.00",7670583,"16,116,399,922.15",225682
"05-Aug-2021","EQ","2,114.30","2,154.80","2,104.25","2,103.75","2,131.00","2,134.25","2,127.24","2,369.35","1,830.00",9807831,"20,863,638,485.35",249218
"04-Aug-2021","EQ","2,094.40","2,114.00","2,087.00","2,087.75","2,105.00","2,103.75","2,103.18","2,369.35","1,830.00",6077861,"12,782,821,702.95",188340
"03-Aug-2021","EQ","2,090.00","2,091.00","2,064.20","2,072.50","2,090.00","2,087.75","2,078.84","2,369.35","1,830.00",5453682,"11,337,335,626.50",137882
"02-Aug-2021","EQ","2,054.30","2,079.40","2,041.15","2,035.30","2,068.50","2,072.50","2,067.46","2,369.35","1,830.00",5041934,"10,424,020,795.65",164715
"30-Jul-2021","EQ","2,058.00","2,067.95","2,031.10","2,053.25","2,037.00","2,035.30","2,049.03","2,369.35","1,830.00",5238304,"10,733,444,604.55",158088
"29-Jul-2021","EQ","2,054.00","2,074.40","2,043.40","2,037.35","2,054.30","2,053.25","2,057.20","2,369.35","1,830.00",6352886,"13,069,140,427.40",203791
"28-Jul-2021","EQ","2,058.00","2,058.00","2,016.25","2,055.00","2,035.00","2,037.35","2,033.86","2,369.35","1,830.00",5952355,"12,106,241,436.45",222240
"27-Jul-2021","EQ","2,076.80","2,083.70","2,042.00","2,076.85","2,054.00","2,055.00","2,062.00","2,369.35","1,830.00",4995516,"10,300,736,942.35",196342
"26-Jul-2021","EQ","2,108.00","2,121.00","2,071.10","2,105.70","2,073.90","2,076.85","2,092.34","2,369.35","1,830.00",5717830,"11,963,623,196.15",193266
"23-Jul-2021","EQ","2,134.45","2,134.45","2,102.05","2,120.70","2,104.00","2,105.70","2,119.06","2,369.35","1,830.00",4585938,"9,717,885,501.10",143981
"22-Jul-2021","EQ","2,119.00","2,123.90","2,098.15","2,093.80","2,121.50","2,120.70","2,111.60","2,369.35","1,830.00",3679260,"7,769,110,029.90",133510
"20-Jul-2021","EQ","2,099.50","2,108.00","2,084.00","2,098.95","2,089.95","2,093.80","2,097.18","2,369.35","1,830.00",3111185,"6,524,718,783.00",105619
"19-Jul-2021","EQ","2,100.00","2,124.00","2,092.25","2,112.40","2,097.95","2,098.95","2,108.57","2,369.35","1,830.00",3855577,"8,129,763,377.95",129037
"16-Jul-2021","EQ","2,087.75","2,114.75","2,087.60","2,082.35","2,110.00","2,112.40","2,104.60","2,369.35","1,798.00",4074206,"8,574,569,194.50",126660
"15-Jul-2021","EQ","2,095.00","2,095.00","2,078.50","2,086.00","2,080.75","2,082.35","2,086.62","2,369.35","1,798.00",4360415,"9,098,550,274.55",148981
"14-Jul-2021","EQ","2,100.35","2,106.85","2,081.25","2,099.70","2,083.55","2,086.00","2,090.03","2,369.35","1,798.00",3937768,"8,230,064,622.00",169306
"13-Jul-2021","EQ","2,100.00","2,103.05","2,088.05","2,084.10","2,099.00","2,099.70","2,097.12","2,369.35","1,798.00",3099956,"6,500,981,050.55",106030
"12-Jul-2021","EQ","2,079.75","2,101.50","2,074.50","2,071.20","2,081.95","2,084.10","2,088.16","2,369.35","1,798.00",3962111,"8,273,507,305.50",140597
"09-Jul-2021","EQ","2,088.00","2,091.70","2,066.10","2,092.60","2,071.95","2,071.20","2,074.82","2,369.35","1,786.25",4170886,"8,653,818,441.75",169203
"08-Jul-2021","EQ","2,116.95","2,116.95","2,081.00","2,110.05","2,091.00","2,092.60","2,097.58","2,369.35","1,786.25",5162088,"10,827,897,142.35",223120
"07-Jul-2021","EQ","2,127.75","2,127.75","2,098.00","2,124.80","2,112.00","2,110.05","2,109.85","2,369.35","1,786.25",4824931,"10,179,875,556.55",227151
"06-Jul-2021","EQ","2,144.95","2,148.90","2,120.20","2,150.20","2,127.85","2,124.80","2,136.74","2,369.35","1,786.25",4647361,"9,930,224,311.45",125408
"05-Jul-2021","EQ","2,136.45","2,153.55","2,131.50","2,129.05","2,150.00","2,150.20","2,145.57","2,369.35","1,786.25",5400604,"11,587,348,896.60",175055
"02-Jul-2021","EQ","2,097.00","2,132.90","2,092.95","2,097.95","2,131.55","2,129.05","2,120.31","2,369.35","1,695.55",6500973,"13,784,074,726.20",187794
"01-Jul-2021","EQ","2,118.00","2,123.15","2,095.00","2,110.65","2,101.50","2,097.95","2,109.37","2,369.35","1,695.55",5784627,"12,201,907,893.30",196897
"30-Jun-2021","EQ","2,096.25","2,122.65","2,091.05","2,087.80","2,112.00","2,110.65","2,107.86","2,369.35","1,695.55",9120556,"19,224,881,425.10",251722
"29-Jun-2021","EQ","2,089.50","2,109.00","2,084.10","2,086.00","2,090.00","2,087.80","2,091.92","2,369.35","1,695.55",12526981,"26,205,456,482.80",267376
"28-Jun-2021","EQ","2,122.00","2,126.50","2,081.00","2,104.45","2,089.00","2,086.00","2,100.31","2,369.35","1,695.55",9357852,"19,654,379,828.10",286857
"25-Jun-2021","EQ","2,153.50","2,153.50","2,081.10","2,153.50","2,104.50","2,104.45","2,106.02","2,369.35","1,695.55",25546334,"53,801,077,040.15",629847
"24-Jun-2021","EQ","2,206.85","2,214.60","2,140.00","2,205.35","2,147.80","2,153.50","2,174.85","2,369.35","1,695.55",42209687,"91,799,804,632.60",755278
"23-Jun-2021","EQ","2,250.00","2,250.60","2,201.70","2,225.75","2,208.15","2,205.35","2,217.44","2,369.35","1,695.55",7685796,"17,042,762,228.55",214835
"22-Jun-2021","EQ","2,254.00","2,261.00","2,219.35","2,237.25","2,225.00","2,225.75","2,245.45","2,369.35","1,695.55",5940386,"13,338,860,847.10",180362
"21-Jun-2021","EQ","2,203.50","2,247.50","2,200.15","2,225.65","2,238.95","2,237.25","2,225.60","2,369.35","1,695.55",5624044,"12,516,852,291.50",180220
"18-Jun-2021","EQ","2,225.50","2,235.00","2,184.35","2,215.65","2,224.15","2,225.65","2,216.48","2,369.35","1,561.10",13553801,"30,041,725,159.95",221167
"17-Jun-2021","EQ","2,200.00","2,235.00","2,179.90","2,211.60","2,214.15","2,215.65","2,212.43","2,369.35","1,561.10",7266765,"16,077,176,562.55",225832
"16-Jun-2021","EQ","2,244.90","2,247.05","2,205.85","2,250.00","2,209.55","2,211.60","2,223.78","2,369.35","1,561.10",4982975,"11,081,047,107.15",163887
"15-Jun-2021","EQ","2,261.00","2,274.90","2,240.30","2,244.90","2,244.00","2,250.00","2,257.44","2,369.35","1,561.10",7002898,"15,808,611,100.25",215805
"14-Jun-2021","EQ","2,215.00","2,258.25","2,195.05","2,213.15","2,245.00","2,244.90","2,232.14","2,369.35","1,561.10",9383416,"20,945,097,794.90",284426
"11-Jun-2021","EQ","2,182.90","2,228.00","2,180.10","2,183.00","2,215.80","2,213.15","2,214.24","2,369.35","1,497.00",6351520,"14,063,817,595.10",226319
"10-Jun-2021","EQ","2,193.40","2,230.00","2,177.55","2,175.00","2,184.80","2,183.00","2,199.39","2,369.35","1,497.00",6532832,"14,368,272,855.15",215752
"09-Jun-2021","EQ","2,219.00","2,221.00","2,157.95","2,214.60","2,178.00","2,175.00","2,189.57","2,369.35","1,497.00",5265326,"11,528,803,336.15",167739
"08-Jun-2021","EQ","2,226.60","2,227.15","2,198.15","2,227.40","2,211.50","2,214.60","2,213.34","2,369.35","1,497.00",4464889,"9,882,332,305.85",147771
"07-Jun-2021","EQ","2,202.00","2,242.00","2,185.00","2,190.50","2,225.05","2,227.40","2,214.78","2,369.35","1,497.00",7539326,"16,697,958,781.50",227808
"04-Jun-2021","EQ","2,214.80","2,216.45","2,184.25","2,209.65","2,186.90","2,190.50","2,197.67","2,369.35","1,475.95",6677278,"14,674,474,225.95",219435
"03-Jun-2021","EQ","2,221.00","2,250.00","2,196.10","2,201.25","2,208.00","2,209.65","2,221.49","2,369.35","1,475.95",11064116,"24,578,878,322.80",341728
"02-Jun-2021","EQ","2,157.00","2,209.50","2,157.00","2,168.90","2,207.00","2,201.25","2,178.64","2,369.35","1,475.95",11366816,"24,764,187,584.75",258490
"01-Jun-2021","EQ","2,166.00","2,202.00","2,146.50","2,160.30","2,164.30","2,168.90","2,176.52","2,369.35","1,475.95",12928379,"28,138,892,609.00",390299
"31-May-2021","EQ","2,102.00","2,191.70","2,085.05","2,094.80","2,153.50","2,160.30","2,154.29","2,369.35","1,475.95",27285782,"58,781,421,578.65",624166
"28-May-2021","EQ","1,990.00","2,105.00","1,990.00","1,976.10","2,094.45","2,094.80","2,067.42","2,369.35","1,412.00",26060864,"53,878,791,589.65",642384
"27-May-2021","EQ","1,970.30","1,993.00","1,962.25","1,970.05","1,990.00","1,976.10","1,977.57","2,369.35","1,412.00",12377100,"24,476,588,080.35",219255
"26-May-2021","EQ","1,975.00","1,979.50","1,965.30","1,963.15","1,967.00","1,970.05","1,972.33","2,369.35","1,412.00",3452113,"6,808,700,908.60",118469
"25-May-2021","EQ","1,996.40","1,997.00","1,960.00","1,985.65","1,964.00","1,963.15","1,974.34","2,369.35","1,412.00",6821015,"13,466,976,071.40",208558
"24-May-2021","EQ","2,008.00","2,009.80","1,982.00","2,002.55","1,985.05","1,985.65","1,994.09","2,369.35","1,412.00",3946636,"7,869,936,694.65",130059
"21-May-2021","EQ","1,992.00","2,009.60","1,986.00","1,985.40","1,999.60","2,002.55","1,999.87","2,369.35","1,393.00",4977555,"9,954,441,992.30",182141
"20-May-2021","EQ","1,997.90","2,010.90","1,981.00","1,997.05","1,982.00","1,985.40","1,991.75","2,369.35","1,393.00",5271497,"10,499,527,489.65",158144
"19-May-2021","EQ","1,980.00","2,016.45","1,972.00","1,987.95","1,993.00","1,997.05","1,998.55","2,369.35","1,393.00",7530294,"15,049,677,721.40",198257
"18-May-2021","EQ","1,981.00","2,002.60","1,972.50","1,960.35","1,986.00","1,987.95","1,987.92","2,369.35","1,393.00",5567958,"11,068,682,258.50",184906
"17-May-2021","EQ","1,937.30","1,963.45","1,930.40","1,937.30","1,958.85","1,960.35","1,950.25","2,369.35","1,393.00",5479424,"10,686,267,806.30",164252
"14-May-2021","EQ","1,928.05","1,942.00","1,906.00","1,913.15","1,937.00","1,937.30","1,925.20","2,369.35","1,393.00",6134079,"11,809,311,727.55",227142
"12-May-2021","EQ","1,930.10","1,932.90","1,907.00","1,933.15","1,913.05","1,913.15","1,915.34","2,369.35","1,393.00",6081627,"11,648,380,362.00",212378
"11-May-2021","EQ","1,915.00","1,938.55","1,910.00","1,926.20","1,933.90","1,933.15","1,929.40","2,369.35","1,393.00",6220217,"12,001,288,654.20",175976
"10-May-2021","EQ","1,939.00","1,946.80","1,920.95","1,931.75","1,927.10","1,926.20","1,932.02","2,369.35","1,393.00",6433879,"12,430,361,106.65",197986
"07-May-2021","EQ","1,937.75","1,955.65","1,926.00","1,931.00","1,926.80","1,931.75","1,940.01","2,369.35","1,393.00",5671163,"11,002,130,529.15",188670
"06-May-2021","EQ","1,921.85","1,935.00","1,906.60","1,920.10","1,932.00","1,931.00","1,920.95","2,369.35","1,393.00",6749281,"12,965,019,708.85",221666
"05-May-2021","EQ","1,923.35","1,938.50","1,908.05","1,916.60","1,921.50","1,920.10","1,923.26","2,369.35","1,393.00",5719649,"11,000,363,969.30",190990
"04-May-2021","EQ","1,950.00","1,967.80","1,911.00","1,959.05","1,918.00","1,916.60","1,935.83","2,369.35","1,393.00",10083693,"19,520,330,406.15",325798
"03-May-2021","EQ","1,966.00","1,979.00","1,943.10","1,994.50","1,956.00","1,959.05","1,958.46","2,369.35","1,393.00",10909942,"21,366,639,469.15",343806
"30-Apr-2021","EQ","2,008.50","2,036.00","1,987.55","2,024.05","1,995.90","1,994.50","2,010.20","2,369.35","1,392.15",9150974,"18,395,321,175.10",288687
"29-Apr-2021","EQ","2,022.90","2,044.50","2,007.30","1,997.30","2,020.00","2,024.05","2,024.21","2,369.35","1,392.15",8035915,"16,266,339,428.25",213153
"28-Apr-2021","EQ","1,997.85","2,008.00","1,980.15","1,988.65","1,993.15","1,997.30","1,997.60","2,369.35","1,392.15",7902002,"15,785,076,087.60",247331
"27-Apr-2021","EQ","1,940.00","1,997.20","1,938.25","1,937.85","1,990.00","1,988.65","1,978.64","2,369.35","1,392.15",9226547,"18,256,021,294.40",291197
"26-Apr-2021","EQ","1,920.00","1,962.00","1,911.50","1,904.35","1,938.00","1,937.85","1,941.32","2,369.35","1,392.15",9620785,"18,676,994,629.30",259137
"23-Apr-2021","EQ","1,906.00","1,918.90","1,895.35","1,906.40","1,903.35","1,904.35","1,907.47","2,369.35","1,164.00",5459016,"10,412,893,969.95",171621
"22-Apr-2021","EQ","1,892.25","1,914.45","1,876.70","1,901.15","1,905.10","1,906.40","1,898.59","2,369.35","1,164.00",6687573,"12,696,948,264.60",209895
"20-Apr-2021","EQ","1,910.50","1,919.00","1,890.45","1,901.70","1,905.00","1,901.15","1,906.74","2,369.35","1,164.00",7939490,"15,138,541,714.75",202431
"19-Apr-2021","EQ","1,904.00","1,916.40","1,890.00","1,932.10","1,903.05","1,901.70","1,902.57","2,369.35","1,164.00",8527967,"16,225,059,561.75",271570
"16-Apr-2021","EQ","1,936.60","1,949.90","1,926.45","1,944.30","1,929.00","1,932.10","1,935.23","2,369.35","1,143.00",7225679,"13,983,364,354.95",206958
"15-Apr-2021","EQ","1,926.30","1,961.00","1,913.00","1,931.80","1,943.00","1,944.30","1,933.33","2,369.35","1,143.00",9102492,"17,598,148,869.55",189159
"13-Apr-2021","EQ","1,924.00","1,940.60","1,917.85","1,911.15","1,932.30","1,931.80","1,931.39","2,369.35","1,143.00",8958261,"17,301,890,369.20",206237
"12-Apr-2021","EQ","1,959.00","1,961.40","1,900.25","1,982.05","1,915.65","1,911.15","1,922.99","2,369.35","1,143.00",9646031,"18,549,212,834.60",330605
"09-Apr-2021","EQ","1,998.45","2,006.35","1,980.00","2,005.35","1,983.45","1,982.05","1,989.08","2,369.35","1,100.00",6478482,"12,886,234,947.40",234390
"08-Apr-2021","EQ","2,011.00","2,022.00","1,993.00","2,002.85","2,006.40","2,005.35","2,006.16","2,369.35","1,100.00",7092878,"14,229,431,685.15",191800
"07-Apr-2021","EQ","2,000.00","2,046.90","1,993.30","1,984.30","2,001.55","2,002.85","2,019.21","2,369.35","1,100.00",11198918,"22,613,014,349.45",286779
"06-Apr-2021","EQ","2,004.00","2,004.95","1,969.00","1,992.60","1,986.20","1,984.30","1,984.99","2,369.35","1,100.00",6465241,"12,833,469,592.40",209903
"05-Apr-2021","EQ","2,024.95","2,025.00","1,962.10","2,021.85","1,992.00","1,992.60","1,986.24","2,369.35","1,100.00",6864856,"13,635,237,475.50",246459
"01-Apr-2021","EQ","2,018.00","2,030.00","2,003.15","2,003.10","2,020.00","2,021.85","2,017.89","2,369.35","1,020.00",5410307,"10,917,411,938.75",140946
"31-Mar-2021","EQ","2,018.00","2,049.90","1,999.00","2,029.30","2,005.65","2,003.10","2,017.21","2,369.35","1,020.00",7499740,"15,128,527,745.25",193340
"30-Mar-2021","EQ","2,008.00","2,048.90","1,991.55","1,994.65","2,031.90","2,029.30","2,026.44","2,369.35","1,020.00",9433850,"19,117,149,421.75",230499
"26-Mar-2021","EQ","2,012.00","2,013.70","1,973.70","1,991.45","1,994.00","1,994.65","1,995.09","2,369.35","875.65",9313160,"18,580,559,230.90",296946
"25-Mar-2021","EQ","2,054.00","2,054.00","1,985.00","2,047.30","1,993.95","1,991.45","2,011.25","2,369.35","875.65",10153757,"20,421,743,790.45",292881
"24-Mar-2021","EQ","2,079.75","2,079.75","2,040.40","2,087.50","2,048.55","2,047.30","2,055.87","2,369.35","875.65",7763726,"15,961,211,345.55",222445
"23-Mar-2021","EQ","2,061.95","2,109.70","2,056.00","2,062.40","2,079.90","2,087.50","2,086.63","2,369.35","875.65",8039865,"16,776,188,634.65",220527
"22-Mar-2021","EQ","2,071.00","2,074.00","2,033.20","2,082.00","2,061.00","2,062.40","2,050.93","2,369.35","875.65",8571196,"17,578,960,666.30",234534
"19-Mar-2021","EQ","1,991.00","2,095.85","1,982.80","2,009.10","2,078.10","2,082.00","2,047.50","2,369.35","875.65",19284892,"39,485,840,254.00",431829
"18-Mar-2021","EQ","2,072.90","2,084.80","2,001.00","2,055.35","2,010.00","2,009.10","2,038.79","2,369.35","875.65",9528809,"19,427,231,150.25",295771
"17-Mar-2021","EQ","2,098.05","2,103.00","2,035.10","2,100.60","2,054.50","2,055.35","2,065.89","2,369.35","875.65",8865521,"18,315,233,171.30",241456
"16-Mar-2021","EQ","2,114.00","2,126.00","2,095.50","2,108.90","2,100.75","2,100.60","2,107.19","2,369.35","875.65",6402757,"13,491,841,404.75",235823
"15-Mar-2021","EQ","2,140.05","2,148.90","2,080.50","2,137.60","2,105.00","2,108.90","2,103.37","2,369.35","875.65",7706302,"16,209,190,175.60",268696
"12-Mar-2021","EQ","2,195.00","2,206.40","2,123.90","2,181.95","2,136.90","2,137.60","2,160.60","2,369.35","875.65",7783173,"16,816,345,899.25",244889
"10-Mar-2021","EQ","2,207.00","2,215.10","2,170.25","2,191.05","2,179.40","2,181.95","2,187.67","2,369.35","875.65",5316182,"11,630,074,902.15",163700
"09-Mar-2021","EQ","2,200.00","2,213.80","2,146.60","2,191.10","2,190.55","2,191.05","2,181.47","2,369.35","875.65",6993792,"15,256,736,215.60",227932
"08-Mar-2021","EQ","2,168.50","2,231.90","2,168.00","2,178.70","2,193.00","2,191.10","2,205.66","2,369.35","875.65",9002404,"19,856,244,553.30",300037
"05-Mar-2021","EQ","2,156.00","2,211.95","2,153.05","2,175.85","2,174.55","2,178.70","2,184.35","2,369.35","875.65",11773630,"25,717,685,129.45",312784
"04-Mar-2021","EQ","2,180.00","2,189.95","2,157.70","2,202.10","2,174.00","2,175.85","2,175.57","2,369.35","875.65",9892597,"21,522,070,320.90",259806
"03-Mar-2021","EQ","2,121.05","2,219.90","2,107.20","2,106.00","2,207.10","2,202.10","2,161.54","2,369.35","875.65",14733134,"31,846,213,370.25",326092
"02-Mar-2021","EQ","2,122.00","2,130.00","2,089.10","2,101.70","2,108.00","2,106.00","2,107.78","2,369.35","875.65",7915073,"16,683,250,358.50",244565
"01-Mar-2021","EQ","2,110.20","2,112.00","2,062.50","2,085.80","2,103.00","2,101.70","2,092.87","2,369.35","875.65",8159670,"17,077,101,153.20",266082
"26-Feb-2021","EQ","2,117.00","2,133.90","2,070.70","2,144.35","2,079.50","2,085.80","2,096.69","2,369.35","875.65",17297575,"36,267,601,929.10",489066
"25-Feb-2021","EQ","2,076.00","2,152.00","2,073.00","2,061.00","2,147.00","2,144.35","2,120.59","2,369.35","875.65",16085897,"34,111,575,087.70",452535
"24-Feb-2021","EQ","2,030.00","2,065.25","2,026.15","2,023.45","2,060.55","2,061.00","2,048.89","2,369.35","875.65",4987735,"10,219,330,132.75",135224
"23-Feb-2021","EQ","2,048.00","2,052.90","2,013.60","2,008.10","2,026.15","2,023.45","2,034.50","2,369.35","875.65",11834752,"24,077,795,769.25",275466
"22-Feb-2021","EQ","2,080.00","2,089.90","1,994.95","2,080.30","1,999.10","2,008.10","2,036.88","2,369.35","875.65",10985697,"22,376,599,862.25",309112
"19-Feb-2021","EQ","2,057.00","2,104.95","2,053.30","2,067.70","2,080.00","2,080.30","2,088.14","2,369.35","875.65",10800704,"22,553,356,631.00",279181
"18-Feb-2021","EQ","2,085.00","2,108.40","2,059.10","2,083.25","2,063.50","2,067.70","2,085.18","2,369.35","875.65",8605531,"17,944,045,241.05",228157
"17-Feb-2021","EQ","2,060.00","2,095.95","2,050.60","2,059.50","2,079.20","2,083.25","2,076.99","2,369.35","875.65",10957388,"22,758,423,346.25",257784
"16-Feb-2021","EQ","2,039.75","2,079.40","2,035.00","2,032.60","2,058.50","2,059.50","2,061.23","2,369.35","875.65",9886093,"20,377,537,336.50",274329
"15-Feb-2021","EQ","2,048.05","2,061.30","2,025.00","2,041.60","2,034.00","2,032.60","2,043.13","2,369.35","875.65",7287590,"14,889,502,308.25",222500
"12-Feb-2021","EQ","2,055.50","2,078.00","2,015.40","2,055.70","2,040.00","2,041.60","2,049.91","2,369.35","875.65",14074374,"28,851,163,932.35",369938
"11-Feb-2021","EQ","1,980.00","2,064.20","1,972.25","1,974.30","2,061.80","2,055.70","2,028.11","2,369.35","875.65",19631870,"39,815,594,030.25",546129
"10-Feb-2021","EQ","1,953.75","1,984.75","1,927.30","1,956.15","1,980.35","1,974.30","1,955.63","2,369.35","875.65",9799560,"19,164,292,386.25",288994
"09-Feb-2021","EQ","1,961.95","1,989.60","1,952.30","1,951.45","1,954.50","1,956.15","1,974.29","2,369.35","875.65",9047308,"17,861,994,119.30",254384
"08-Feb-2021","EQ","1,933.05","1,969.00","1,929.05","1,923.75","1,951.40","1,951.45","1,954.84","2,369.35","875.65",9776136,"19,110,816,694.80",287247
"05-Feb-2021","EQ","1,930.05","1,944.65","1,920.00","1,924.30","1,924.30","1,923.75","1,929.36","2,369.35","875.65",9344470,"18,028,883,267.50",263144
"04-Feb-2021","EQ","1,924.00","1,940.00","1,905.00","1,930.65","1,921.50","1,924.30","1,923.71","2,369.35","875.65",11826848,"22,751,381,754.25",332784
"03-Feb-2021","EQ","1,928.30","1,952.00","1,900.00","1,925.80","1,928.50","1,930.65","1,931.87","2,369.35","875.65",13984228,"27,015,673,442.65",345625
"02-Feb-2021","EQ","1,914.25","1,940.00","1,854.95","1,895.30","1,936.00","1,925.80","1,889.81","2,369.35","875.65",19138414,"36,168,052,850.90",561567
"01-Feb-2021","EQ","1,859.40","1,905.00","1,848.00","1,841.95","1,898.15","1,895.30","1,874.03","2,369.35","875.65",15774504,"29,561,820,671.20",370120
"29-Jan-2021","EQ","1,894.30","1,913.10","1,830.00","1,876.55","1,844.95","1,841.95","1,871.72","2,369.35","875.65",20173258,"37,758,612,331.50",472678
"28-Jan-2021","EQ","1,880.15","1,923.30","1,870.00","1,895.00","1,876.35","1,876.55","1,895.32","2,369.35","875.65",15722291,"29,798,806,093.70",446576
"27-Jan-2021","EQ","1,925.00","1,925.00","1,888.00","1,941.00","1,890.00","1,895.00","1,904.59","2,369.35","875.65",19553809,"37,241,980,448.40",637355
"25-Jan-2021","EQ","2,034.95","2,034.95","1,932.00","2,049.60","1,935.15","1,941.00","1,966.36","2,369.35","875.65",25016570,"49,191,602,456.10",723194
"22-Jan-2021","EQ","2,111.00","2,115.35","2,035.15","2,099.40","2,047.95","2,049.60","2,070.96","2,369.35","875.65",14090818,"29,181,582,565.45",388593
"21-Jan-2021","EQ","2,082.00","2,120.00","2,075.00","2,054.70","2,107.00","2,099.40","2,102.61","2,369.35","875.65",18038987,"37,928,961,934.60",483168
"20-Jan-2021","EQ","2,021.40","2,058.00","2,001.40","2,016.40","2,053.00","2,054.70","2,036.58","2,369.35","875.65",14271669,"29,065,337,315.85",456106
"19-Jan-2021","EQ","1,994.65","2,031.00","1,994.65","1,983.95","2,015.00","2,016.40","2,018.21","2,369.35","875.65",14771048,"29,811,112,716.20",411707
"18-Jan-2021","EQ","1,949.10","1,997.00","1,923.35","1,937.45","1,972.80","1,983.95","1,967.71","2,369.35","875.65",16198856,"31,874,686,564.55",399642
"15-Jan-2021","EQ","1,960.60","1,973.80","1,920.05","1,960.60","1,937.90","1,937.45","1,952.72","2,369.35","875.65",9503790,"18,558,204,988.20",264152
"14-Jan-2021","EQ","1,945.00","1,966.90","1,939.05","1,938.80","1,958.10","1,960.60","1,957.17","2,369.35","875.65",9946818,"19,467,651,412.35",287671
"13-Jan-2021","EQ","1,963.55","1,974.95","1,918.45","1,957.05","1,936.00","1,938.80","1,948.25","2,369.35","875.65",12284876,"23,934,034,447.75",304901
"12-Jan-2021","EQ","1,903.00","1,960.00","1,899.90","1,897.25","1,955.50","1,957.05","1,935.51","2,369.35","875.65",18996047,"36,766,988,575.55",417387
"11-Jan-2021","EQ","1,938.80","1,938.80","1,892.50","1,933.70","1,899.00","1,897.25","1,910.26","2,369.35","875.65",15371556,"29,363,709,013.00",479137
"08-Jan-2021","EQ","1,918.00","1,938.40","1,912.10","1,911.15","1,934.00","1,933.70","1,923.06","2,369.35","875.65",12709792,"24,441,751,752.65",270966
"07-Jan-2021","EQ","1,920.50","1,945.00","1,905.15","1,914.25","1,912.80","1,911.15","1,919.86","2,369.35","875.65",14918406,"28,641,263,321.10",454695
"06-Jan-2021","EQ","1,965.90","1,966.00","1,905.15","1,966.10","1,915.50","1,914.25","1,928.17","2,369.35","875.65",21414270,"41,290,368,153.15",659284
"05-Jan-2021","EQ","1,969.00","1,983.60","1,956.00","1,990.85","1,965.00","1,966.10","1,968.87","2,369.35","875.65",11132803,"21,919,019,062.85",300233
"04-Jan-2021","EQ","1,995.10","1,998.90","1,968.00","1,987.50","1,990.25","1,990.85","1,982.61","2,369.35","875.65",11312992,"22,429,227,856.70",316871
"01-Jan-2021","EQ","1,988.00","1,997.00","1,982.00","1,985.30","1,988.00","1,987.50","1,989.50","2,369.35","875.65",4622002,"9,195,480,292.00",139680
"31-Dec-2020","EQ","1,993.50","2,011.90","1,978.60","1,995.50","1,981.80","1,985.30","1,995.67","2,369.35","875.65",8667516,"17,297,504,921.30",226094
"30-Dec-2020","EQ","1,995.25","2,007.20","1,975.55","1,990.05","1,994.35","1,995.50","1,991.60","2,369.35","875.65",10173132,"20,260,786,998.35",234486
"29-Dec-2020","EQ","2,009.00","2,012.30","1,982.55","2,003.30","1,987.00","1,990.05","1,992.97","2,369.35","875.65",8589407,"17,118,416,326.30",242433
"28-Dec-2020","EQ","2,006.70","2,018.00","1,995.30","1,994.15","2,002.00","2,003.30","2,006.71","2,369.35","875.65",7947719,"15,948,771,620.10",214898
"24-Dec-2020","EQ","1,947.00","1,998.80","1,945.90","1,943.85","1,992.95","1,994.15","1,976.20","2,369.35","875.65",9588577,"18,948,962,895.70",250116
"23-Dec-2020","EQ","1,930.00","1,951.45","1,920.65","1,936.70","1,947.00","1,943.85","1,938.16","2,369.35","875.65",8999898,"17,443,231,403.30",282444
"22-Dec-2020","EQ","1,949.00","1,958.90","1,888.45","1,939.70","1,935.00","1,936.70","1,921.80","2,369.35","875.65",12986606,"24,957,654,770.30",374827
"21-Dec-2020","EQ","2,010.00","2,022.00","1,855.25","1,991.55","1,935.00","1,939.70","1,976.82","2,369.35","875.65",20368545,"40,264,899,448.00",514099
"18-Dec-2020","EQ","1,980.10","2,004.90","1,965.00","1,985.60","1,998.10","1,991.55","1,981.58","2,369.35","875.65",8522215,"16,887,433,569.45",226069
"17-Dec-2020","EQ","1,984.50","2,005.00","1,977.15","1,976.55","1,985.50","1,985.60","1,989.37","2,369.35","875.65",9346460,"18,593,553,236.80",280068
"16-Dec-2020","EQ","1,988.00","1,994.95","1,965.70","1,974.35","1,977.55","1,976.55","1,977.57","2,369.35","875.65",8565904,"16,939,660,870.95",233001
"15-Dec-2020","EQ","1,989.70","1,989.70","1,961.10","1,991.30","1,973.60","1,974.35","1,973.54","2,369.35","875.65",8561406,"16,896,273,508.60",240918
"14-Dec-2020","EQ","2,007.95","2,015.00","1,986.35","2,005.80","1,993.50","1,991.30","1,997.46","2,369.35","875.65",7989830,"15,959,361,790.30",248928
"11-Dec-2020","EQ","2,013.00","2,038.00","1,974.25","2,007.00","1,999.40","2,005.80","2,015.50","2,369.35","875.65",12434745,"25,062,187,257.95",265002
"10-Dec-2020","EQ","2,021.60","2,028.50","2,001.00","2,026.95","2,008.00","2,007.00","2,010.18","2,369.35","875.65",7414229,"14,903,949,695.80",212910
"09-Dec-2020","EQ","2,009.95","2,033.80","1,999.25","1,993.75","2,026.00","2,026.95","2,019.89","2,369.35","875.65",13464375,"27,196,561,520.30",303801
"08-Dec-2020","EQ","1,961.15","2,014.25","1,950.00","1,958.20","1,992.45","1,993.75","1,995.12","2,369.35","875.65",20030506,"39,963,227,133.60",460158
"07-Dec-2020","EQ","1,940.60","1,965.00","1,940.60","1,946.75","1,958.35","1,958.20","1,955.62","2,369.35","875.65",8418767,"16,463,893,633.45",267040
"04-Dec-2020","EQ","1,969.00","1,969.00","1,940.00","1,964.05","1,947.70","1,946.75","1,948.72","2,369.35","875.65",8521388,"16,605,763,758.95",286109
"03-Dec-2020","EQ","1,972.00","1,981.10","1,958.65","1,958.15","1,960.80","1,964.05","1,969.94","2,369.35","875.65",12822945,"25,260,374,206.80",270788
"02-Dec-2020","EQ","1,958.50","1,962.00","1,935.00","1,954.90","1,959.00","1,958.15","1,947.77","2,369.35","875.65",10240168,"19,945,469,659.25",236641
"01-Dec-2020","EQ","1,940.35","1,966.25","1,930.05","1,929.80","1,954.10","1,954.90","1,950.09","2,369.35","875.65",9114939,"17,774,977,230.85",272346
"27-Nov-2020","EQ","1,940.50","1,956.10","1,921.40","1,952.60","1,940.50","1,929.80","1,935.45","2,369.35","875.65",21845931,"42,281,637,552.75",314085
"26-Nov-2020","EQ","1,953.05","1,965.00","1,930.05","1,947.80","1,957.00","1,952.60","1,946.67","2,369.35","875.65",11924527,"23,213,094,743.90",266412
"25-Nov-2020","EQ","1,980.00","1,992.95","1,942.20","1,964.05","1,947.50","1,947.80","1,969.06","2,369.35","875.65",15062376,"29,658,744,015.65",356793
"24-Nov-2020","EQ","1,964.00","1,974.00","1,932.00","1,950.70","1,971.05","1,964.05","1,952.11","2,369.35","875.65",14277083,"27,870,435,599.60",362587
"23-Nov-2020","EQ","1,951.00","1,970.00","1,926.25","1,899.50","1,955.20","1,950.70","1,952.18","2,369.35","875.65",20918665,"40,837,042,219.85",497781
"20-Nov-2020","EQ","1,975.00","1,983.80","1,895.00","1,973.15","1,901.00","1,899.50","1,923.27","2,369.35","875.65",26522972,"51,010,821,672.60",794436
"19-Nov-2020","EQ","1,987.20","2,010.45","1,968.20","1,987.20","1,972.00","1,973.15","1,987.24","2,369.35","875.65",12828008,"25,492,281,433.30",307890
"18-Nov-2020","EQ","1,993.25","2,006.50","1,960.10","1,993.25","1,991.20","1,987.20","1,979.95","2,369.35","875.65",14030652,"27,780,020,120.45",410607
"17-Nov-2020","EQ","2,085.00","2,085.00","1,985.00","2,002.30","1,994.80","1,993.25","2,013.16","2,369.35","875.65",21479385,"43,241,364,015.15",462630
"14-Nov-2020","EQ","2,014.90","2,015.30","1,995.35","1,996.40","2,001.55","2,002.30","2,005.96","2,369.35","875.65",2411900,"4,838,163,827.65",99484
"13-Nov-2020","EQ","1,982.00","2,036.65","1,981.75","1,980.00","2,000.05","1,996.40","2,007.38","2,369.35","875.65",20946864,"42,048,268,831.65",507695
"12-Nov-2020","EQ","1,981.00","2,008.45","1,965.00","1,997.20","1,981.75","1,980.00","1,987.14","2,369.35","875.65",18481466,"36,725,218,562.60",440630
"11-Nov-2020","EQ","2,089.00","2,095.00","1,978.10","2,084.55","1,999.80","1,997.20","2,027.80","2,369.35","875.65",26178477,"53,084,610,845.15",647679
"10-Nov-2020","EQ","2,077.00","2,090.00","2,041.20","2,050.70","2,089.00","2,084.55","2,071.86","2,369.35","875.65",17045147,"35,315,160,450.80",399073
"09-Nov-2020","EQ","2,062.10","2,069.00","2,036.00","2,029.15","2,051.00","2,050.70","2,051.91","2,369.35","875.65",16539467,"33,937,502,974.20",384188
"06-Nov-2020","EQ","1,990.00","2,040.00","1,978.15","1,955.00","2,025.00","2,029.15","2,015.72","2,369.35","875.65",30770080,"62,023,880,104.20",649196
"05-Nov-2020","EQ","1,954.95","1,960.95","1,932.00","1,913.20","1,956.80","1,955.00","1,949.03","2,369.35","875.65",17170274,"33,465,297,065.50",448665
"04-Nov-2020","EQ","1,837.00","1,929.00","1,837.00","1,850.40","1,910.50","1,913.20","1,893.24","2,369.35","875.65",37003111,"70,055,655,614.20",888904
"03-Nov-2020","EQ","1,890.00","1,909.00","1,835.10","1,877.45","1,854.50","1,850.40","1,873.92","2,369.35","875.65",40931170,"76,701,761,539.15",990935
"02-Nov-2020","EQ","2,027.00","2,027.00","1,859.15","2,054.50","1,876.00","1,877.45","1,927.55","2,369.35","875.65",45857806,"88,393,320,147.20",1428490
"30-Oct-2020","EQ","2,033.50","2,065.10","2,021.80","2,026.90","2,064.35","2,054.50","2,040.66","2,369.35","875.65",15701123,"32,040,607,252.30",349177
"29-Oct-2020","EQ","1,997.00","2,042.00","1,991.00","2,011.45","2,029.05","2,026.90","2,019.57","2,369.35","875.65",14147681,"28,572,185,905.90",382087
"28-Oct-2020","EQ","2,041.80","2,057.70","2,007.40","2,034.50","2,008.90","2,011.45","2,026.02","2,369.35","875.65",13810054,"27,979,442,354.80",413849
"27-Oct-2020","EQ","2,034.90","2,059.85","2,005.00","2,029.10","2,034.40","2,034.50","2,026.38","2,369.35","875.65",16835011,"34,114,088,505.60",462764
"26-Oct-2020","EQ","2,101.95","2,101.95","2,018.50","2,113.05","2,034.90","2,029.10","2,052.69","2,369.35","875.65",17225340,"35,358,322,555.55",581238
"23-Oct-2020","EQ","2,106.00","2,135.00","2,096.40","2,106.95","2,112.00","2,113.05","2,118.90","2,369.35","875.65",10809383,"22,904,053,633.90",265187
"22-Oct-2020","EQ","2,127.40","2,132.50","2,091.00","2,124.60","2,111.90","2,106.95","2,107.04","2,369.35","875.65",14215255,"29,952,115,114.75",391498
"21-Oct-2020","EQ","2,168.00","2,192.00","2,097.75","2,155.90","2,122.65","2,124.60","2,143.87","2,369.35","875.65",15729989,"33,723,125,351.95",399065
"20-Oct-2020","EQ","2,179.00","2,193.00","2,152.25","2,176.20","2,155.85","2,155.90","2,166.54","2,369.35","875.65",8529621,"18,479,742,687.70",275082
"19-Oct-2020","EQ","2,190.05","2,228.70","2,155.15","2,175.80","2,175.50","2,176.20","2,189.75","2,369.35","875.65",14399062,"31,530,332,262.55",363717
"16-Oct-2020","EQ","2,215.00","2,232.50","2,172.65","2,206.50","2,178.00","2,175.80","2,197.33","2,369.35","875.65",9961080,"21,887,776,009.80",287579
"15-Oct-2020","EQ","2,290.00","2,290.00","2,195.00","2,287.50","2,203.25","2,206.50","2,241.04","2,369.35","875.65",9246893,"20,722,639,246.60",265699
"14-Oct-2020","EQ","2,278.90","2,304.00","2,268.50","2,280.70","2,283.00","2,287.50","2,284.78","2,369.35","875.65",12341487,"28,197,589,496.85",281008
"13-Oct-2020","EQ","2,230.60","2,285.75","2,225.85","2,237.05","2,279.00","2,280.70","2,259.76","2,369.35","875.65",10666280,"24,103,209,104.25",255851
"12-Oct-2020","EQ","2,235.00","2,255.75","2,226.25","2,233.45","2,236.00","2,237.05","2,239.55","2,369.35","875.65",6565525,"14,703,804,367.10",146831
"09-Oct-2020","EQ","2,235.00","2,253.00","2,217.10","2,239.25","2,239.00","2,233.45","2,232.05","2,369.35","875.65",8558747,"19,103,582,648.40",215729
"08-Oct-2020","EQ","2,259.00","2,268.00","2,222.10","2,257.50","2,241.50","2,239.25","2,242.24","2,369.35","875.65",9727508,"21,811,437,285.25",251543
"07-Oct-2020","EQ","2,235.00","2,309.00","2,220.00","2,210.35","2,259.40","2,257.50","2,276.27","2,369.35","875.65",24538620,"55,856,495,761.45",542898
"06-Oct-2020","EQ","2,225.25","2,233.90","2,201.65","2,212.20","2,213.00","2,210.35","2,213.64","2,369.35","875.65",8497352,"18,810,040,908.25",230575
"05-Oct-2020","EQ","2,244.00","2,249.15","2,206.00","2,225.25","2,215.00","2,212.20","2,222.94","2,369.35","875.65",8732890,"19,412,649,755.80",237138
"01-Oct-2020","EQ","2,263.80","2,263.80","2,214.00","2,234.35","2,229.05","2,225.25","2,237.62","2,369.35","875.65",9591467,"21,462,014,627.70",237645
"30-Sep-2020","EQ","2,260.00","2,267.00","2,225.00","2,245.05","2,231.00","2,234.35","2,251.01","2,369.35","875.65",11291280,"25,416,740,703.85",232560
"29-Sep-2020","EQ","2,225.00","2,264.00","2,216.25","2,216.25","2,241.90","2,245.05","2,242.30","2,369.35","875.65",11927459,"26,744,967,680.50",269649
"28-Sep-2020","EQ","2,227.00","2,238.00","2,207.05","2,201.70","2,218.00","2,216.25","2,221.39","2,369.35","875.65",9076787,"20,163,062,603.55",213955
"25-Sep-2020","EQ","2,189.00","2,212.80","2,167.30","2,181.20","2,198.85","2,201.70","2,191.17","2,369.35","875.65",13095950,"28,695,471,561.35",329859
"24-Sep-2020","EQ","2,207.90","2,226.00","2,176.05","2,230.80","2,195.00","2,181.20","2,200.65","2,369.35","875.65",13765321,"30,292,605,688.25",328090
"23-Sep-2020","EQ","2,260.00","2,276.75","2,205.30","2,211.15","2,228.00","2,230.80","2,242.58","2,369.35","875.65",19839809,"44,492,265,342.30",384190
"22-Sep-2020","EQ","2,277.00","2,277.00","2,201.55","2,255.85","2,220.05","2,211.15","2,225.36","2,369.35","875.65",16056621,"35,731,708,478.55",348897
"21-Sep-2020","EQ","2,300.00","2,336.00","2,247.35","2,305.70","2,250.00","2,255.85","2,291.38","2,369.35","875.65",15519433,"35,560,977,455.15",342489
"18-Sep-2020","EQ","2,314.25","2,319.45","2,276.55","2,298.75","2,303.60","2,305.70","2,305.10","2,369.35","875.65",15264101,"35,185,252,645.85",219641
"17-Sep-2020","EQ","2,320.00","2,333.70","2,291.85","2,324.55","2,296.00","2,298.75","2,310.29","2,369.35","875.65",11919991,"27,538,576,983.55",286325
"16-Sep-2020","EQ","2,320.00","2,369.35","2,310.55","2,318.85","2,324.90","2,324.55","2,339.46","2,369.35","875.65",15669133,"36,657,370,887.95",321651
"15-Sep-2020","EQ","2,311.95","2,325.75","2,288.15","2,302.55","2,324.00","2,318.85","2,311.23","2,360.00","875.65",12543161,"28,990,110,978.15",270331
"14-Sep-2020","EQ","2,325.00","2,360.00","2,282.00","2,319.75","2,296.25","2,302.55","2,323.57","2,360.00","875.65",20335480,"47,250,941,267.35",450188
"11-Sep-2020","EQ","2,312.00","2,337.85","2,287.10","2,314.00","2,315.00","2,319.75","2,318.58","2,344.95","875.65",27445883,"63,635,412,477.45",599768
"10-Sep-2020","EQ","2,183.10","2,344.95","2,175.35","2,161.35","2,319.00","2,314.00","2,275.51","2,344.95","875.65",64751766,"147,343,363,142.35",1233053
"09-Sep-2020","EQ","2,085.00","2,167.80","2,081.45","2,107.10","2,163.55","2,161.35","2,136.84","2,198.80","875.65",25526055,"54,545,044,441.00",531323
"08-Sep-2020","EQ","2,092.00","2,121.00","2,080.50","2,082.65","2,103.10","2,107.10","2,108.01","2,198.80","875.65",12643762,"26,653,239,816.40",287150
"07-Sep-2020","EQ","2,084.00","2,105.75","2,044.25","2,077.25","2,099.60","2,082.65","2,071.80","2,198.80","875.65",10119099,"20,964,707,499.00",255801
"04-Sep-2020","EQ","2,083.55","2,096.95","2,072.20","2,112.10","2,080.00","2,077.25","2,084.73","2,198.80","875.65",13141705,"27,396,936,570.55",365456
"03-Sep-2020","EQ","2,128.00","2,138.75","2,103.00","2,128.20","2,114.00","2,112.10","2,112.86","2,198.80","875.65",8577741,"18,123,586,030.30",219117
"02-Sep-2020","EQ","2,092.00","2,138.00","2,085.00","2,087.25","2,128.55","2,128.20","2,119.29","2,198.80","875.65",12437209,"26,358,056,792.85",281041
"01-Sep-2020","EQ","2,100.00","2,122.40","2,062.40","2,080.70","2,092.00","2,087.25","2,091.83","2,198.80","875.65",17821488,"37,279,521,464.50",327904
"31-Aug-2020","EQ","2,174.00","2,174.00","2,060.35","2,116.15","2,070.00","2,080.70","2,118.64","2,198.80","875.65",28649141,"60,697,216,688.85",541760
"28-Aug-2020","EQ","2,120.00","2,132.90","2,106.25","2,110.60","2,116.00","2,116.15","2,118.85","2,198.80","875.65",12537684,"26,565,452,934.10",267973
"27-Aug-2020","EQ","2,148.00","2,150.00","2,103.25","2,137.30","2,108.10","2,110.60","2,126.98","2,198.80","875.65",12962139,"27,570,185,760.10",297474
"26-Aug-2020","EQ","2,085.00","2,147.95","2,047.00","2,082.10","2,133.70","2,137.30","2,102.41","2,198.80","875.65",27631028,"58,091,747,446.85",533755
"25-Aug-2020","EQ","2,106.00","2,111.30","2,078.00","2,095.75","2,082.00","2,082.10","2,089.41","2,198.80","875.65",8947709,"18,695,434,041.15",202929
"24-Aug-2020","EQ","2,091.40","2,104.50","2,070.50","2,081.85","2,099.95","2,095.75","2,090.25","2,198.80","875.65",15099030,"31,560,709,786.10",323471
"21-Aug-2020","EQ","2,118.00","2,122.00","2,077.00","2,097.05","2,084.75","2,081.85","2,096.99","2,198.80","875.65",11667281,"24,466,208,119.50",296981
"20-Aug-2020","EQ","2,120.00","2,123.90","2,088.00","2,131.55","2,098.60","2,097.05","2,109.01","2,198.80","875.65",10402292,"21,938,504,435.85",267102
"19-Aug-2020","EQ","2,141.00","2,154.00","2,121.35","2,118.55","2,137.00","2,131.55","2,137.37","2,198.80","875.65",15731409,"33,623,807,598.55",288995
"18-Aug-2020","EQ","2,085.00","2,134.30","2,082.35","2,091.35","2,120.20","2,118.55","2,118.58","2,198.80","875.65",14097932,"29,867,537,548.70",281219
"17-Aug-2020","EQ","2,105.00","2,105.00","2,070.10","2,113.80","2,094.05","2,091.35","2,085.65","2,198.80","875.65",14297224,"29,819,054,668.20",324590
"14-Aug-2020","EQ","2,122.55","2,157.00","2,089.25","2,122.05","2,112.00","2,113.80","2,129.96","2,198.80","875.65",15333759,"32,660,268,151.55",346390
"13-Aug-2020","EQ","2,128.00","2,138.90","2,110.00","2,127.60","2,125.80","2,122.05","2,122.69","2,198.80","875.65",11459251,"24,324,473,969.20",266729
"12-Aug-2020","EQ","2,121.00","2,145.00","2,106.80","2,133.80","2,126.55","2,127.60","2,129.79","2,198.80","875.65",13967529,"29,747,858,193.40",308155
"11-Aug-2020","EQ","2,134.80","2,160.00","2,100.35","2,119.85","2,132.85","2,133.80","2,133.30","2,198.80","875.65",21611359,"46,103,431,136.35",491594
"10-Aug-2020","EQ","2,159.10","2,165.00","2,108.10","2,146.45","2,121.60","2,119.85","2,136.58","2,198.80","875.65",12441939,"26,583,161,118.75",300073
"07-Aug-2020","EQ","2,129.80","2,157.80","2,120.20","2,134.10","2,146.00","2,146.45","2,141.31","2,198.80","875.65",15222384,"32,595,833,725.75",329099
"06-Aug-2020","EQ","2,157.00","2,167.70","2,107.80","2,126.45","2,136.55","2,134.10","2,139.59","2,198.80","875.65",22762726,"48,702,811,222.25",468092
"05-Aug-2020","EQ","2,169.00","2,196.00","2,118.30","2,150.60","2,132.10","2,126.45","2,153.72","2,198.80","875.65",34405886,"74,100,545,221.95",704272
"04-Aug-2020","EQ","2,020.60","2,167.00","2,000.25","2,009.00","2,158.40","2,150.60","2,098.08","2,198.80","875.65",42477225,"89,120,494,925.40",827312
"03-Aug-2020","EQ","2,051.30","2,057.00","2,003.10","2,067.10","2,007.65","2,009.00","2,029.05","2,198.80","875.65",21560137,"43,746,668,081.00",515571
"31-Jul-2020","EQ","2,114.50","2,129.00","2,052.80","2,108.85","2,070.00","2,067.10","2,077.02","2,198.80","875.65",34593375,"71,851,185,919.55",748942
"30-Jul-2020","EQ","2,099.00","2,139.70","2,072.00","2,096.65","2,101.90","2,108.85","2,111.03","2,198.80","875.65",33624516,"70,982,380,956.40",663693
"29-Jul-2020","EQ","2,177.90","2,182.80","2,070.45","2,177.70","2,092.00","2,096.65","2,124.29","2,198.80","875.65",33536361,"71,241,119,089.50",738739
"28-Jul-2020","EQ","2,156.20","2,194.00","2,150.65","2,156.20","2,177.00","2,177.70","2,175.67","2,198.80","875.65",25435618,"55,339,580,393.80",528044
"27-Jul-2020","EQ","2,178.80","2,198.80","2,127.90","2,146.15","2,154.95","2,156.20","2,169.68","2,198.80","875.65",37060949,"80,410,276,311.85",781374
"24-Jul-2020","EQ","2,058.00","2,163.00","2,057.80","2,057.80","2,148.40","2,146.15","2,128.53","2,163.00","875.65",55656793,"118,466,876,312.35",1078097
"23-Jul-2020","EQ","2,003.95","2,079.70","1,991.35","2,004.00","2,076.00","2,057.80","2,035.95","2,079.70","875.65",26921058,"54,810,058,387.90",498584
"22-Jul-2020","EQ","1,983.00","2,010.00","1,960.70","1,971.55","2,004.00","2,004.00","1,993.46","2,010.00","875.65",27584769,"54,989,120,616.60",547567
"21-Jul-2020","EQ","1,939.00","1,977.00","1,936.50","1,919.90","1,973.50","1,971.55","1,962.43","1,978.80","875.65",19463498,"38,195,689,330.00",375090
"20-Jul-2020","EQ","1,917.80","1,932.00","1,899.65","1,911.70","1,921.95","1,919.90","1,916.93","1,978.80","875.65",16887752,"32,372,604,466.20",339625
"17-Jul-2020","EQ","1,845.00","1,920.00","1,838.00","1,843.40","1,916.00","1,911.70","1,876.25","1,978.80","875.65",22949535,"43,059,161,082.30",487421
"16-Jul-2020","EQ","1,847.00","1,869.00","1,812.45","1,844.00","1,842.05","1,843.40","1,844.01","1,978.80","875.65",28133993,"51,879,421,165.65",543130
"15-Jul-2020","EQ","1,937.95","1,978.80","1,798.00","1,917.00","1,842.35","1,844.00","1,917.63","1,978.80","875.65",64458598,"123,607,955,323.25",1285533
"14-Jul-2020","EQ","1,934.00","1,941.70","1,887.30","1,935.00","1,915.00","1,917.00","1,917.96","1,947.70","875.65",31073591,"59,597,787,128.70",569875
"13-Jul-2020","EQ","1,903.35","1,947.70","1,900.00","1,878.05","1,938.70","1,935.00","1,927.07","1,947.70","875.65",32124397,"61,905,840,823.00",615947
"10-Jul-2020","EQ","1,828.50","1,884.60","1,824.25","1,824.25","1,880.20","1,878.05","1,859.58","1,884.60","875.65",20195490,"37,555,184,971.70",455198
"09-Jul-2020","EQ","1,809.00","1,835.00","1,786.25","1,798.00","1,826.75","1,824.25","1,813.36","1,864.35","875.65",16807403,"30,477,877,599.50",352813
"08-Jul-2020","EQ","1,824.05","1,834.95","1,790.00","1,823.45","1,795.40","1,798.00","1,812.33","1,864.35","875.65",12093523,"21,917,489,258.65",285951
"07-Jul-2020","EQ","1,860.00","1,864.35","1,806.30","1,851.80","1,822.15","1,823.45","1,831.78","1,864.35","875.65",16240102,"29,748,224,129.05",386666
"06-Jul-2020","EQ","1,805.00","1,858.00","1,792.10","1,787.90","1,855.00","1,851.80","1,832.66","1,858.00","875.65",21698149,"39,765,301,081.35",442095
"03-Jul-2020","EQ","1,779.80","1,793.00","1,768.00","1,760.35","1,788.00","1,787.90","1,781.69","1,804.20","875.65",13584004,"24,202,508,199.65",254096
"02-Jul-2020","EQ","1,743.00","1,767.60","1,735.05","1,737.60","1,759.50","1,760.35","1,755.20","1,804.20","875.65",13286760,"23,320,864,112.30",262833
"01-Jul-2020","EQ","1,720.00","1,749.00","1,708.05","1,704.10","1,736.25","1,737.60","1,730.01","1,804.20","875.65",13136706,"22,726,570,310.95",256982
"30-Jun-2020","EQ","1,737.00","1,741.00","1,695.55","1,723.15","1,707.50","1,704.10","1,718.10","1,804.20","875.65",13973038,"24,007,093,966.15",277133
"29-Jun-2020","EQ","1,728.05","1,739.75","1,715.55","1,741.65","1,722.70","1,723.15","1,724.38","1,804.20","875.65",11825126,"20,391,055,541.05",225499
"26-Jun-2020","EQ","1,728.80","1,752.00","1,717.00","1,717.90","1,750.00","1,741.65","1,731.91","1,804.20","875.65",14270695,"24,715,505,750.70",279769
"25-Jun-2020","EQ","1,727.00","1,749.00","1,713.05","1,727.85","1,719.00","1,717.90","1,728.41","1,804.20","875.65",18312705,"31,651,803,892.75",318478
"24-Jun-2020","EQ","1,735.90","1,772.70","1,711.70","1,720.90","1,732.50","1,727.85","1,739.65","1,804.20","875.65",23808524,"41,418,523,475.35",488048
"23-Jun-2020","EQ","1,750.00","1,763.75","1,716.10","1,746.15","1,721.70","1,720.90","1,731.86","1,804.20","875.65",17521196,"30,344,310,521.95",400333
"22-Jun-2020","EQ","1,773.40","1,804.20","1,735.00","1,759.40","1,752.50","1,746.15","1,771.18","1,804.20","875.65",27781772,"49,206,651,889.20",613265
"19-Jun-2020","EQ","1,670.00","1,788.80","1,662.00","1,655.90","1,763.20","1,759.40","1,727.35","1,788.80","875.65",48828852,"84,344,321,446.80",752773
"18-Jun-2020","EQ","1,607.00","1,665.00","1,605.60","1,615.35","1,662.90","1,655.90","1,636.40","1,665.00","875.65",18677694,"30,564,098,282.65",327308
"17-Jun-2020","EQ","1,608.25","1,635.45","1,602.10","1,617.70","1,611.85","1,615.35","1,618.64","1,648.55","875.65",19282519,"31,211,518,938.20",299203
"16-Jun-2020","EQ","1,643.00","1,648.55","1,585.30","1,614.55","1,614.05","1,617.70","1,617.17","1,648.55","875.65",23623299,"38,202,982,642.70",424919
"15-Jun-2020","EQ","1,565.00","1,626.95","1,561.10","1,588.80","1,612.30","1,614.55","1,593.39","1,626.95","875.65",24509162,"39,052,737,198.75",467105
"12-Jun-2020","EQ","1,500.00","1,593.00","1,497.00","1,537.70","1,588.70","1,588.80","1,552.68","1,618.40","875.65",17790565,"27,623,018,097.70",337575
"11-Jun-2020","EQ","1,566.00","1,567.95","1,531.00","1,572.15","1,538.80","1,537.70","1,546.33","1,618.40","875.65",9408283,"14,548,302,924.85",269490
"10-Jun-2020","EQ","1,543.10","1,579.55","1,540.05","1,537.15","1,575.00","1,572.15","1,556.73","1,618.40","875.65",10214426,"15,901,058,050.65",262174
"09-Jun-2020","EQ","1,560.30","1,583.00","1,533.00","1,569.50","1,535.90","1,537.15","1,555.91","1,618.40","875.65",11934073,"18,568,335,407.30",307011
"08-Jun-2020","EQ","1,618.40","1,618.40","1,565.00","1,581.70","1,571.80","1,569.50","1,588.27","1,618.40","875.65",14498055,"23,026,897,486.70",322987
"05-Jun-2020","EQ","1,595.00","1,618.00","1,573.70","1,579.80","1,579.20","1,581.70","1,596.41","1,618.00","875.65",15270435,"24,377,905,391.85",339237
"04-Jun-2020","EQ","1,544.00","1,589.50","1,541.00","1,541.65","1,576.00","1,579.80","1,570.24","1,617.55","875.65",15784612,"24,785,560,880.55",356122
"03-Jun-2020","EQ","1,545.00","1,560.00","1,533.35","1,535.70","1,543.00","1,541.65","1,543.74","1,617.55","875.65",11713666,"18,082,824,556.40",227825
"02-Jun-2020","EQ","1,526.00","1,540.00","1,520.80","1,520.35","1,537.95","1,535.70","1,531.68","1,617.55","875.65",10224102,"15,660,044,883.85",224472
"01-Jun-2020","EQ","1,480.00","1,538.35","1,475.95","1,464.40","1,521.90","1,520.35","1,512.99","1,617.55","875.65",18434065,"27,890,475,620.10",354436
"29-May-2020","EQ","1,468.00","1,472.00","1,452.65","1,472.25","1,470.00","1,464.40","1,462.79","1,617.55","875.65",18471770,"27,020,285,851.40",300018
"28-May-2020","EQ","1,455.00","1,479.75","1,449.00","1,445.55","1,471.05","1,472.25","1,467.50","1,617.55","875.65",18519252,"27,176,980,636.40",405603
"27-May-2020","EQ","1,431.00","1,454.00","1,412.00","1,424.05","1,449.85","1,445.55","1,430.20","1,617.55","875.65",16460764,"23,542,230,514.25",348477
"26-May-2020","EQ","1,448.15","1,449.70","1,416.30","1,431.55","1,426.00","1,424.05","1,428.70","1,617.55","875.65",15330793,"21,903,166,112.45",341795
"22-May-2020","EQ","1,451.80","1,458.00","1,426.50","1,441.25","1,433.00","1,431.55","1,442.31","1,617.55","875.65",17458503,"25,180,593,225.25",388907
"21-May-2020","EQ","1,435.00","1,461.45","1,425.00","1,433.70","1,440.00","1,441.25","1,443.94","1,617.55","875.65",18077196,"26,102,458,753.25",353235
"20-May-2020","EQ","1,410.00","1,446.85","1,393.00","1,408.90","1,437.40","1,433.70","1,426.52","1,617.55","875.65",25530692,"36,419,940,581.50",446373
"19-May-2020","EQ","1,457.00","1,461.70","1,403.25","1,440.75","1,409.10","1,408.90","1,436.68","1,617.55","875.65",19529216,"28,057,214,575.20",424987
"18-May-2020","EQ","1,470.00","1,482.00","1,428.00","1,459.40","1,442.55","1,440.75","1,452.86","1,617.55","875.65",28981620,"42,106,270,200.25",575336
"15-May-2020","EQ","1,444.00","1,466.70","1,415.10","1,435.95","1,453.20","1,459.40","1,439.85","1,617.55","875.65",28683432,"41,299,828,010.10",592403
"14-May-2020","EQ","1,469.00","1,496.70","1,430.05","1,496.45","1,437.00","1,435.95","1,457.61","1,617.55","875.65",22736714,"33,141,191,470.35",494402
"13-May-2020","EQ","1,527.00","1,527.00","1,454.00","1,479.25","1,492.50","1,496.45","1,481.10","1,617.55","875.65",30658051,"45,407,632,804.00",615366
"12-May-2020","EQ","1,564.80","1,568.35","1,465.00","1,576.80","1,486.45","1,479.25","1,511.39","1,617.55","875.65",46029119,"69,568,011,663.15",807575
"11-May-2020","EQ","1,580.00","1,615.00","1,572.30","1,561.80","1,575.00","1,576.80","1,592.89","1,617.55","875.65",30670404,"48,854,566,347.85",576001
"08-May-2020","EQ","1,545.00","1,579.90","1,537.10","1,506.95","1,559.45","1,561.80","1,560.62","1,617.55","875.65",38522385,"60,118,628,770.50",727915
"07-May-2020","EQ","1,455.00","1,513.65","1,445.00","1,460.75","1,512.00","1,506.95","1,484.86","1,617.55","875.65",22871529,"33,961,065,996.95",465254
"06-May-2020","EQ","1,464.00","1,484.95","1,445.50","1,460.65","1,461.50","1,460.75","1,468.54","1,617.55","875.65",18510304,"27,183,196,663.05",425042
"05-May-2020","EQ","1,453.70","1,479.00","1,447.20","1,435.20","1,462.65","1,460.65","1,464.23","1,617.55","875.65",20528706,"30,058,697,949.35",412545
"04-May-2020","EQ","1,440.00","1,465.00","1,417.45","1,466.00","1,435.00","1,435.20","1,442.94","1,617.55","875.65",24439240,"35,264,364,750.75",544309
"30-Apr-2020","EQ","1,453.95","1,494.95","1,438.05","1,426.95","1,464.00","1,466.00","1,467.88","1,617.55","875.65",32617901,"47,879,255,960.05",663204
"29-Apr-2020","EQ","1,444.90","1,453.65","1,420.00","1,428.15","1,427.00","1,426.95","1,436.42","1,617.55","875.65",17141540,"24,622,404,116.35",389293
"28-Apr-2020","EQ","1,450.00","1,455.45","1,392.15","1,429.75","1,430.00","1,428.15","1,421.22","1,617.55","875.65",35866381,"50,974,111,340.65",746066
"27-Apr-2020","EQ","1,434.00","1,475.00","1,423.00","1,417.00","1,431.00","1,429.75","1,448.31","1,617.55","875.65",26736512,"38,722,699,504.95",594518
"24-Apr-2020","EQ","1,350.15","1,494.95","1,347.20","1,370.90","1,425.80","1,417.00","1,431.67","1,617.55","875.65",61711388,"88,350,296,135.65",1154959
"23-Apr-2020","EQ","1,367.35","1,385.85","1,353.30","1,363.60","1,370.15","1,370.90","1,369.10","1,617.55","875.65",29928331,"40,974,916,120.55",612506
"22-Apr-2020","EQ","1,320.00","1,384.90","1,300.00","1,237.35","1,359.00","1,363.60","1,341.48","1,617.55","875.65",65230894,"87,505,942,711.40",1194059
"21-Apr-2020","EQ","1,210.00","1,252.00","1,164.00","1,243.80","1,251.50","1,237.35","1,204.07","1,617.55","875.65",28057706,"33,783,478,000.15",573205
"20-Apr-2020","EQ","1,226.00","1,257.00","1,202.00","1,224.00","1,248.10","1,243.80","1,228.75","1,617.55","875.65",16472339,"20,240,404,168.15",365965
"17-Apr-2020","EQ","1,216.00","1,230.00","1,192.65","1,168.05","1,229.90","1,224.00","1,208.12","1,617.55","875.65",15209707,"18,375,116,205.00",322391
"16-Apr-2020","EQ","1,149.85","1,187.45","1,145.00","1,149.85","1,170.00","1,168.05","1,172.19","1,617.55","875.65",17123533,"20,071,955,511.50",387003
"15-Apr-2020","EQ","1,197.05","1,236.00","1,143.00","1,189.15","1,157.50","1,149.85","1,191.73","1,617.55","875.65",16147959,"19,243,981,630.60",404270
"13-Apr-2020","EQ","1,203.95","1,215.00","1,180.00","1,219.95","1,192.50","1,189.15","1,191.64","1,617.55","875.65",10822871,"12,896,993,488.10",263593
"09-Apr-2020","EQ","1,214.00","1,232.80","1,193.00","1,192.15","1,217.75","1,219.95","1,214.91","1,617.55","875.65",15101711,"18,347,214,247.30",368355
"08-Apr-2020","EQ","1,180.00","1,229.00","1,160.00","1,206.10","1,197.00","1,192.15","1,194.60","1,617.55","875.65",22803774,"27,241,443,067.90",538577
"07-Apr-2020","EQ","1,102.10","1,214.00","1,100.00","1,077.45","1,211.00","1,206.10","1,161.27","1,617.55","875.65",24859057,"28,867,992,303.70",556669
"03-Apr-2020","EQ","1,134.45","1,134.45","1,056.30","1,080.45","1,088.00","1,077.45","1,077.52","1,617.55","875.65",18912044,"20,378,095,229.65",519365
"01-Apr-2020","EQ","1,122.25","1,124.60","1,045.20","1,113.75","1,084.00","1,080.45","1,072.84","1,617.55","875.65",19017099,"20,402,365,414.20",414675
"31-Mar-2020","EQ","1,073.95","1,129.80","1,048.00","1,030.45","1,100.00","1,113.75","1,093.37","1,617.55","875.65",20249909,"22,140,676,568.55",506536
"30-Mar-2020","EQ","1,040.60","1,074.80","1,020.00","1,065.60","1,031.50","1,030.45","1,044.14","1,617.55","875.65",13820286,"14,430,304,002.65",386770
"27-Mar-2020","EQ","1,095.00","1,107.30","1,046.20","1,066.20","1,067.95","1,065.60","1,070.06","1,617.55","875.65",19044644,"20,378,895,930.60",502817
"26-Mar-2020","EQ","1,095.80","1,116.90","1,042.35","1,082.25","1,069.00","1,066.20","1,074.95","1,617.55","875.65",20912934,"22,480,324,150.35",592742
"25-Mar-2020","EQ","963.80","1,151.55","963.25","943.40","1,074.00","1,082.25","1,053.49","1,617.55","875.65",33433126,"35,221,338,454.85",799060
"24-Mar-2020","EQ","930.00","970.00","895.80","884.05","946.00","943.40","934.85","1,617.55","875.65",20919322,"19,556,500,213.85",590891
"23-Mar-2020","EQ","916.20","950.00","875.65","1,017.95","891.00","884.05","899.32","1,617.55","875.65",18593713,"16,721,615,106.25",569206
"20-Mar-2020","EQ","939.50","1,034.90","930.00","917.70","1,028.00","1,017.95","983.98","1,617.55","892.20",28967526,"28,503,444,361.95",589033
"19-Mar-2020","EQ","920.10","967.00","892.20","968.50","917.70","917.70","918.86","1,617.55","892.20",28072062,"25,794,360,273.80",636588
"18-Mar-2020","EQ","1,025.30","1,035.90","961.00","1,008.00","976.45","968.50","992.19","1,617.55","942.40",20450497,"20,290,776,263.75",499736
"17-Mar-2020","EQ","1,047.25","1,060.00","1,003.20","1,015.70","1,011.50","1,008.00","1,034.68","1,617.55","942.40",20777442,"21,497,994,559.00",463953
"16-Mar-2020","EQ","1,060.55","1,079.70","1,005.00","1,105.30","1,012.20","1,015.70","1,046.83","1,617.55","942.40",17594729,"18,418,745,886.00",441083
"13-Mar-2020","EQ","998.00","1,140.00","942.40","1,063.00","1,116.95","1,105.30","1,053.35","1,617.55","942.40",33509757,"35,297,404,438.20",706395
"12-Mar-2020","EQ","1,085.00","1,101.00","1,048.70","1,153.55","1,059.00","1,063.00","1,076.20","1,617.55","1,048.70",25588170,"27,538,049,024.35",646095
"11-Mar-2020","EQ","1,108.00","1,178.45","1,108.00","1,114.15","1,152.00","1,153.55","1,157.92","1,617.55","1,095.00",27237627,"31,538,987,521.10",490124
"09-Mar-2020","EQ","1,240.05","1,241.00","1,095.00","1,271.00","1,104.50","1,114.15","1,143.56","1,617.55","1,095.00",40317808,"46,105,953,148.80",846382
"06-Mar-2020","EQ","1,270.00","1,288.15","1,241.10","1,311.15","1,269.85","1,271.00","1,271.62","1,617.55","1,095.30",15422068,"19,610,974,599.30",389652
"05-Mar-2020","EQ","1,352.20","1,357.95","1,306.00","1,339.70","1,309.90","1,311.15","1,327.07","1,617.55","1,095.30",13948324,"18,510,367,252.80",319378
"04-Mar-2020","EQ","1,352.00","1,353.80","1,307.90","1,342.85","1,349.00","1,339.70","1,331.24","1,617.55","1,095.30",10105782,"13,453,213,011.65",297606
"03-Mar-2020","EQ","1,329.70","1,353.90","1,322.00","1,316.15","1,346.35","1,342.85","1,339.28","1,617.55","1,095.30",12525809,"16,775,518,803.70",275521
"02-Mar-2020","EQ","1,355.10","1,369.00","1,301.10","1,328.65","1,322.00","1,316.15","1,343.40","1,617.55","1,095.30",13486634,"18,117,990,644.90",274282
"28-Feb-2020","EQ","1,354.90","1,357.00","1,325.00","1,386.25","1,327.00","1,328.65","1,338.96","1,617.55","1,095.30",17973847,"24,066,201,012.35",373466
"27-Feb-2020","EQ","1,388.00","1,393.80","1,369.00","1,392.00","1,380.45","1,386.25","1,381.33","1,617.55","1,095.30",11454300,"15,822,175,752.20",240043
"26-Feb-2020","EQ","1,410.00","1,412.35","1,387.35","1,416.40","1,389.50","1,392.00","1,399.83","1,617.55","1,095.30",13423661,"18,790,808,835.50",268512
"25-Feb-2020","EQ","1,451.40","1,451.40","1,410.00","1,444.95","1,420.00","1,416.40","1,432.47","1,617.55","1,095.30",12684109,"18,169,572,259.45",281387
"24-Feb-2020","EQ","1,469.75","1,477.00","1,439.55","1,485.95","1,447.10","1,444.95","1,462.78","1,617.55","1,095.30",9769743,"14,291,004,524.25",237165
"20-Feb-2020","EQ","1,497.00","1,508.00","1,483.80","1,503.80","1,487.00","1,485.95","1,495.83","1,617.55","1,095.30",7722577,"11,551,669,677.25",176470
"19-Feb-2020","EQ","1,479.35","1,506.45","1,475.10","1,467.40","1,504.50","1,503.80","1,497.34","1,617.55","1,095.30",6438918,"9,641,269,216.50",249278
"18-Feb-2020","EQ","1,475.90","1,475.90","1,457.40","1,478.25","1,466.90","1,467.40","1,465.63","1,617.55","1,095.30",5086964,"7,455,603,060.65",142911
"17-Feb-2020","EQ","1,489.00","1,506.15","1,474.30","1,487.60","1,478.50","1,478.25","1,487.62","1,617.55","1,095.30",6011340,"8,942,610,639.00",150631
"14-Feb-2020","EQ","1,477.25","1,501.45","1,453.10","1,474.15","1,485.85","1,487.60","1,483.41","1,617.55","1,095.30",9704655,"14,395,961,760.00",229509
"13-Feb-2020","EQ","1,477.75","1,477.75","1,462.60","1,470.30","1,470.45","1,474.15","1,470.71","1,617.55","1,095.30",6201763,"9,120,966,120.20",116464
"12-Feb-2020","EQ","1,456.15","1,474.85","1,455.00","1,452.75","1,473.15","1,470.30","1,465.86","1,617.55","1,095.30",6187091,"9,069,380,787.60",192511
"11-Feb-2020","EQ","1,447.40","1,466.20","1,445.05","1,435.60","1,454.50","1,452.75","1,457.22","1,617.55","1,095.30",6400245,"9,326,549,622.15",224142
"10-Feb-2020","EQ","1,428.00","1,445.50","1,410.45","1,433.65","1,442.20","1,435.60","1,424.41","1,617.55","1,095.30",6922631,"9,860,658,648.55",143055
"07-Feb-2020","EQ","1,451.00","1,452.35","1,428.30","1,457.80","1,432.00","1,433.65","1,437.06","1,617.55","1,095.30",5581641,"8,021,138,869.45",134128
"06-Feb-2020","EQ","1,454.10","1,467.00","1,440.10","1,448.50","1,455.00","1,457.80","1,452.93","1,617.55","1,095.30",7103715,"10,321,203,995.95",163247
"05-Feb-2020","EQ","1,434.90","1,452.80","1,430.30","1,426.40","1,446.30","1,448.50","1,442.46","1,617.55","1,095.30",8444823,"12,181,350,644.45",242039
"04-Feb-2020","EQ","1,400.00","1,432.50","1,397.80","1,385.50","1,427.50","1,426.40","1,419.31","1,617.55","1,095.30",11604666,"16,470,598,996.60",286666
"03-Feb-2020","EQ","1,369.90","1,399.95","1,363.05","1,383.35","1,386.00","1,385.50","1,380.77","1,617.55","1,095.30",14040626,"19,386,892,660.65",370104
"01-Feb-2020","EQ","1,405.30","1,426.95","1,371.10","1,411.65","1,372.00","1,383.35","1,402.89","1,617.55","1,095.30",11022901,"15,463,889,561.65",243212
"31-Jan-2020","EQ","1,453.00","1,453.25","1,407.20","1,443.75","1,410.00","1,411.65","1,425.75","1,617.55","1,095.30",15886673,"22,650,374,556.80",330774
"30-Jan-2020","EQ","1,479.00","1,479.70","1,440.00","1,479.85","1,443.00","1,443.75","1,452.40","1,617.55","1,095.30",10241756,"14,875,116,667.40",231136
"29-Jan-2020","EQ","1,474.05","1,494.40","1,464.05","1,471.75","1,480.00","1,479.85","1,479.34","1,617.55","1,095.30",11313297,"16,736,172,827.55",254760
"28-Jan-2020","EQ","1,508.60","1,510.00","1,463.60","1,506.55","1,473.50","1,471.75","1,485.82","1,617.55","1,095.30",11215313,"16,663,988,524.40",271852
"27-Jan-2020","EQ","1,514.90","1,524.45","1,505.00","1,521.55","1,508.00","1,506.55","1,513.43","1,617.55","1,095.30",6120429,"9,262,815,086.30",130826
"24-Jan-2020","EQ","1,527.00","1,536.35","1,518.55","1,526.85","1,524.05","1,521.55","1,525.74","1,617.55","1,095.30",6687633,"10,203,594,712.60",152146
"23-Jan-2020","EQ","1,536.50","1,541.95","1,520.70","1,533.35","1,529.60","1,526.85","1,528.79","1,617.55","1,095.30",5142088,"7,861,187,151.20",149239
"22-Jan-2020","EQ","1,544.00","1,546.75","1,531.10","1,533.90","1,535.25","1,533.35","1,538.16","1,617.55","1,095.30",4719245,"7,258,954,215.65",143828
"21-Jan-2020","EQ","1,528.60","1,545.85","1,522.00","1,532.35","1,535.00","1,533.90","1,535.68","1,617.55","1,095.30",8650831,"13,284,891,871.10",233395
"20-Jan-2020","EQ","1,609.00","1,609.00","1,526.40","1,581.00","1,532.20","1,532.35","1,557.85","1,617.55","1,095.30",14878868,"23,179,100,842.45",338270
"17-Jan-2020","EQ","1,553.50","1,584.95","1,553.20","1,537.90","1,581.00","1,581.00","1,573.00","1,617.55","1,086.40",13469708,"21,187,907,268.25",279304
"16-Jan-2020","EQ","1,529.00","1,543.35","1,528.00","1,523.85","1,538.70","1,537.90","1,535.41","1,617.55","1,086.40",5873662,"9,018,508,367.20",164724
"15-Jan-2020","EQ","1,535.85","1,539.90","1,518.25","1,529.40","1,524.10","1,523.85","1,526.75","1,617.55","1,086.40",7231393,"11,040,550,715.00",212172
"14-Jan-2020","EQ","1,540.00","1,550.00","1,521.85","1,543.70","1,529.10","1,529.40","1,533.76","1,617.55","1,086.40",7230788,"11,090,262,628.40",173502
"13-Jan-2020","EQ","1,545.05","1,558.70","1,538.40","1,547.65","1,539.85","1,543.70","1,548.94","1,617.55","1,086.40",8358090,"12,946,146,806.55",143022
"10-Jan-2020","EQ","1,551.90","1,557.95","1,539.65","1,548.00","1,546.85","1,547.65","1,549.42","1,617.55","1,086.40",5704686,"8,838,954,165.35",136340
"09-Jan-2020","EQ","1,538.60","1,550.00","1,531.25","1,513.15","1,549.50","1,548.00","1,541.76","1,617.55","1,086.40",6849606,"10,560,431,962.80",154953
"08-Jan-2020","EQ","1,515.00","1,534.45","1,510.00","1,524.60","1,514.00","1,513.15","1,518.24","1,617.55","1,086.40",7336561,"11,138,643,617.80",169662
"07-Jan-2020","EQ","1,519.00","1,534.50","1,513.50","1,501.50","1,526.95","1,524.60","1,523.12","1,617.55","1,086.40",7627191,"11,617,096,335.05",180713
"06-Jan-2020","EQ","1,520.00","1,527.90","1,498.00","1,537.15","1,499.90","1,501.50","1,512.57","1,617.55","1,086.40",11209343,"16,954,936,799.60",225138
"03-Jan-2020","EQ","1,533.00","1,541.65","1,523.00","1,535.30","1,536.00","1,537.15","1,532.73","1,617.55","1,081.10",9593498,"14,704,283,071.80",149003
"02-Jan-2020","EQ","1,512.00","1,540.95","1,512.00","1,509.60","1,534.10","1,535.30","1,530.86","1,617.55","1,081.10",8096561,"12,394,709,675.75",151727
"01-Jan-2020","EQ","1,518.00","1,527.10","1,505.50","1,514.05","1,511.80","1,509.60","1,515.23","1,617.55","1,081.10",6402372,"9,701,063,103.40",122265